timestamp,ip_address,successful_login
1724077977131850,129.16.0.32,True
1724077963617710,129.16.0.32,True
1724077961196707,129.16.0.30,True
1724065425721178,129.16.0.32,True
1724065283723571,129.16.0.32,True
1724060412986734,129.16.0.2,True
1724060323246849,129.16.0.2,True
1724060316466571,129.16.0.2,True
1724060275020880,129.16.0.2,True
1724060242790223,129.16.0.2,True
1724059941292748,129.16.0.2,True
1724059933840020,129.16.0.2,True
1724059933695980,129.16.0.2,False
1724059795789576,129.16.0.2,False
1724059795672501,129.16.0.2,False
1724059795559258,129.16.0.2,False
1724059717027103,129.16.0.2,False
1724059625453243,129.16.0.2,False
1724059625337190,129.16.0.2,False
1724059625222430,129.16.0.2,False
1724059620676584,129.16.0.2,False
1724059620083985,129.16.0.2,True
1724058479843651,129.16.0.30,True
1724057826936894,129.16.0.30,True
1724053257812986,129.16.0.32,True
1724017559651528,206.168.34.210,False
1724017540123135,206.168.34.210,False
1723997439145230,91.191.209.202,False
1723986079266641,91.191.209.202,False
1723955270876547,206.168.34.205,False
1723955252576883,206.168.34.205,True
1723954777066831,87.236.176.171,False
1723954776941504,87.236.176.171,False
1723915349301100,87.71.23.245,True
1723915335481054,87.71.23.245,True
1723876665325545,129.16.0.23,True
1723876646724448,129.16.0.23,True
1723876516076131,129.16.0.23,True
1723863494504591,206.168.34.209,False
1723863476355601,206.168.34.209,False
1723837608138432,129.16.0.23,True
1723835557463117,129.16.0.23,True
1723830911240244,87.71.23.245,True
1723830272342514,87.71.23.245,True
1723829548883144,87.71.23.245,True
1723829203048545,87.71.23.245,True
1723828394633888,87.71.23.245,True
1723824323406693,87.71.23.245,True
1723822278435834,129.16.0.30,True
1723822278295494,129.16.0.30,False
1723822267673518,129.16.0.30,True
1723822267216362,129.16.0.30,False
1723822266385081,129.16.0.30,True
1723822266244531,129.16.0.30,True
1723822265900092,129.16.0.30,False
1723822263347142,129.16.0.30,True
1723822260841156,129.16.0.30,False
1723822240516618,129.16.0.31,True
1723822147770286,129.16.0.30,True
1723822079759585,129.16.0.31,True
1723820784195173,91.191.209.206,False
1723819608004979,129.16.0.31,True
1723817726684412,129.16.0.23,True
1723816760871283,129.16.0.31,True
1723815683814296,129.16.0.31,True
1723815209935237,129.16.0.31,True
1723811521403586,129.16.0.31,True
1723808194267624,129.16.0.23,True
1723807435388738,129.16.0.31,True
1723807429552541,129.16.0.31,True
1723806245802693,129.16.0.31,True
1723805707337788,91.191.209.206,False
1723805481776684,129.16.0.31,True
1723804621945164,129.16.0.31,True
1723803928646589,129.16.0.31,True
1723803123606063,129.16.0.31,True
1723802019228087,129.16.0.23,True
1723796958585268,129.16.0.31,True
1723796366610195,129.16.0.4,True
1723795255050229,167.94.145.99,False
1723795236734241,167.94.145.99,False
1723794173750350,129.16.0.4,True
1723793757028799,129.16.0.31,True
1723792017523491,129.16.0.31,True
1723755069784417,87.71.23.245,True
1723749503522202,87.71.23.245,True
1723749458937920,129.16.0.4,True
1723749179436418,87.71.23.245,True
1723748817248867,87.71.23.245,True
1723748814931675,87.71.23.245,True
1723748161464949,129.16.0.4,True
1723746575591610,87.71.23.245,False
1723746572783676,87.71.23.245,False
1723745992354943,87.71.23.245,False
1723745975865020,87.71.23.245,False
1723745935463388,87.71.23.245,False
1723745605740365,87.71.23.245,False
1723745141642387,87.71.23.245,True
1723744796394963,87.71.23.245,True
1723744452259069,87.71.23.245,True
1723744080504621,87.71.23.245,True
1723744074624012,87.71.23.245,True
1723743811748392,87.71.23.245,True
1723743009208012,129.16.0.31,True
1723738717972792,129.16.0.4,True
1723737873841964,129.16.0.31,True
1723737065405607,129.16.0.31,True
1723736772919647,129.16.0.4,True
1723736728993360,129.16.0.30,True
1723732877469518,129.16.0.31,True
1723720353627710,129.16.0.4,True
1723720062487501,129.16.0.31,True
1723719677877549,129.16.0.31,True
1723719315913961,129.16.0.31,True
1723718626134631,129.16.0.31,True
1723718158014722,129.16.0.31,True
1723717346291929,129.16.0.31,True
1723713282717479,129.16.0.31,True
1723709749114602,87.236.176.222,False
1723709748989969,87.236.176.222,False
1723702426054957,129.16.0.4,True
1723680132854187,147.185.132.121,False
1723665329788854,206.168.34.39,False
1723665309919126,206.168.34.39,False
1723623188566511,129.16.0.4,True
1723573188851902,199.45.155.70,False
1723573170534413,199.45.155.70,False
1723538274195147,129.16.0.30,True
1723497271450732,199.45.154.157,False
1723497251182620,199.45.154.157,False
1723446696773394,129.16.0.31,True
1723446171545599,129.16.0.30,True
1723442019421041,129.16.0.9,False
1723442010043415,129.16.0.9,False
1723442007689246,129.16.0.9,False
1723442000040607,129.16.0.9,False
1723441989058676,129.16.0.9,False
1723441965639986,129.16.0.9,False
1723441938878281,129.16.0.9,False
1723441937866771,129.16.0.9,False
1723441936852152,129.16.0.9,False
1723441936275993,129.16.0.9,False
1723441936273166,129.16.0.9,False
1723441936163388,129.16.0.9,False
1723441936050662,129.16.0.9,False
1723441935939804,129.16.0.9,False
1723441935841161,129.16.0.9,False
1723441935421238,129.16.0.9,False
1723441935318823,129.16.0.9,False
1723441935306890,129.16.0.9,False
1723441934454471,129.16.0.9,False
1723441934438943,129.16.0.9,False
1723441934372134,129.16.0.9,False
1723441934302705,129.16.0.9,False
1723441934299563,129.16.0.9,False
1723441934194839,129.16.0.9,False
1723441824612563,129.16.0.9,False
1723441809074886,129.16.0.9,False
1723441799047204,129.16.0.9,False
1723440042089190,87.236.176.202,False
1723440041964585,87.236.176.202,False
1723417220967505,87.71.23.245,True
1723416470711102,87.71.23.245,True
1723415144291710,87.71.23.245,True
1723414717337653,87.71.23.245,True
1723413763863295,87.71.23.245,True
1723413434512262,87.71.23.245,True
1723410542287845,87.71.23.245,True
1723408556824218,87.71.23.245,True
1723407769697479,87.71.23.245,True
1723407229736204,87.71.23.245,True
1723406292887639,87.71.23.245,True
1723405950400719,87.71.23.245,True
1723405425679623,87.71.23.245,True
1723404572608643,87.71.23.245,True
1723400268936094,87.71.23.245,True
1723396863156564,162.142.125.221,False
1723396844179179,162.142.125.221,False
1723396351259720,87.71.23.245,True
1723395856716796,87.71.23.245,True
1723394791589913,87.71.23.245,True
1723393811095488,87.71.23.245,True
1723392689856098,87.71.23.245,True
1723391956056312,87.71.23.245,True
1723390788373794,87.71.23.245,True
1723390186930203,87.71.23.245,True
1723389029289908,87.71.23.245,True
1723388325994106,87.71.23.245,True
1723386504630587,87.71.23.245,True
1723385368348433,87.71.23.245,True
1723384738754414,87.71.23.245,True
1723384422824177,87.71.23.245,True
1723383442934571,87.71.23.245,True
1723382306625370,87.71.23.245,True
1723381229018952,87.71.23.245,True
1723380979801760,87.71.23.245,True
1723380346228415,87.71.23.245,True
1723379145179107,87.71.23.245,True
1723374146874132,87.71.23.245,True
1723372505063120,87.71.23.245,True
1723371861578068,87.71.23.245,True
1723365009418991,87.71.23.245,True
1723317765221759,162.142.125.206,False
1723317745709457,162.142.125.206,False
1723238565147808,199.45.155.68,False
1723238546773695,199.45.155.68,False
1723195552732260,87.236.176.156,False
1723195552605141,87.236.176.156,False
1723147451702313,45.141.87.250,False
1723144983600185,106.75.65.24,False
1723142721592983,199.45.155.107,False
1723142703234334,199.45.155.107,False
1723077683992394,35.203.211.12,False
1723060679268501,199.45.154.132,False
1723060660556848,199.45.154.132,False
1723060656832955,199.45.154.132,False
1723060656435913,199.45.154.132,False
1723035938856794,87.71.23.245,True
1723035713046841,87.71.23.245,True
1723035273930050,87.71.23.245,True
1723034811945705,87.71.23.245,True
1723034373540249,87.71.23.245,True
1723033936903252,87.71.23.245,True
1723033497458772,87.71.23.245,True
1723032092269655,87.71.23.245,True
1723030680084668,87.71.23.245,True
1723030274508652,87.71.23.245,True
1723029807842131,87.71.23.245,True
1723028616324107,87.71.23.245,True
1723028206569904,87.71.23.245,True
1723026021870419,87.71.23.245,True
1723025573967272,87.71.23.245,True
1723024807160350,87.71.23.245,True
1723024372847927,87.71.23.245,True
1723023499877172,87.71.23.245,True
1723022666986408,87.71.23.245,True
1723022222855971,87.71.23.245,True
1723021806146940,87.71.23.245,True
1723020473926536,87.71.23.245,True
1723020004176614,87.71.23.245,True
1723019438826939,87.71.23.245,True
1723018557065097,87.71.23.245,True
1723017831566363,87.71.23.245,True
1723017395944436,87.71.23.245,True
1723016524325041,87.71.23.245,True
1723016153053687,87.71.23.245,True
1723015691551007,87.71.23.245,True
1723014559800356,87.71.23.245,True
1723013653897985,87.71.23.245,True
1723012995545568,87.71.23.245,True
1723012185614467,87.71.23.245,True
1723010910755057,87.71.23.245,True
1723010399971820,87.71.23.245,True
1723009964657927,87.71.23.245,True
1723009128348320,87.71.23.245,True
1723008688957171,87.71.23.245,True
1723007802676569,87.71.23.245,True
1723007356007371,87.71.23.245,True
1723005844712763,87.71.23.245,True
1723004672356063,87.71.23.245,True
1723003197613325,87.71.23.245,True
1723002850799309,87.71.23.245,True
1723002400796744,87.71.23.245,True
1723001544259592,87.71.23.245,True
1723001103232207,87.71.23.245,True
1723000658288860,87.71.23.245,True
1722999972343437,199.45.155.88,False
1722999953875511,199.45.155.88,True
1722999867967014,87.71.23.245,True
1722999393839694,87.71.23.245,True
1722998386712842,87.71.23.245,True
1722997952290579,87.71.23.245,True
1722997503630709,87.71.23.245,True
1722996254101755,87.71.23.245,True
1722995754946556,87.71.23.245,True
1722994871115381,87.71.23.245,True
1722994492727167,87.71.23.245,True
1722994043913364,87.71.23.245,True
1722993351572668,87.71.23.245,True
1722992627326120,87.71.23.245,True
1722990167274584,87.71.23.245,True
1722988948773880,87.71.23.245,True
1722988217690396,87.71.23.245,True
1722987148750356,87.71.23.245,True
1722986081581053,87.71.23.245,True
1722985014573057,87.71.23.245,True
1722984023018413,87.71.23.245,True
1722982924198489,87.71.23.245,True
1722981032876582,87.71.23.245,True
1722979726498313,87.71.23.245,True
1722927950689100,87.71.23.245,True
1722926835956842,87.71.23.245,True
1722924062497488,87.71.23.245,True
1722923621552931,87.71.23.245,True
1722922666598186,87.71.23.245,True
1722922275869176,87.71.23.245,True
1722921831587340,87.71.23.245,True
1722920677234429,87.71.23.245,True
1722919898440059,87.71.23.245,True
1722919372056458,87.71.23.245,True